
INSERT INTO route_shaders(route_shader_name) VALUES('test');

INSERT INTO buyers
(
	buyer_name,
	buyer_code,
	live,
	public_key_base64, 
	route_shader_id
) 
VALUES(
	'Test',
	'test',
	true,
	'leN7D7+9vr24uT4f1Ba8PEEvIQA/UkGZLlT+sdeLRHKsVqaZq723Zw==',
	(select route_shader_id from route_shaders where route_shader_name = 'test')
);

INSERT INTO sellers(seller_name, seller_code) VALUES('Test', 'test');

INSERT INTO datacenters(
	datacenter_name, 
	latitude, 
	longitude, 
	seller_id)
VALUES(
	'test.000',
	-90.00,
	54.00,
	(select seller_id from sellers where seller_code = 'test')
);

INSERT INTO datacenters(
	datacenter_name, 
	latitude, 
	longitude, 
	seller_id)
VALUES(
	'test.001',
	-19.00,
	154.00,
	(select seller_id from sellers where seller_code = 'test')
);

INSERT INTO datacenters(
	datacenter_name, 
	latitude, 
	longitude, 
	seller_id)
VALUES(
	'test.002',
	-77.00,
	-131.00,
	(select seller_id from sellers where seller_code = 'test')
);

INSERT INTO datacenters(
	datacenter_name, 
	latitude, 
	longitude, 
	seller_id)
VALUES(
	'test.003',
	29.00,
	-108.00,
	(select seller_id from sellers where seller_code = 'test')
);

INSERT INTO datacenters(
	datacenter_name, 
	latitude, 
	longitude, 
	seller_id)
VALUES(
	'test.004',
	12.00,
	23.00,
	(select seller_id from sellers where seller_code = 'test')
);

INSERT INTO datacenters(
	datacenter_name, 
	latitude, 
	longitude, 
	seller_id)
VALUES(
	'test.005',
	84.00,
	-104.00,
	(select seller_id from sellers where seller_code = 'test')
);

INSERT INTO datacenters(
	datacenter_name, 
	latitude, 
	longitude, 
	seller_id)
VALUES(
	'test.006',
	69.00,
	167.00,
	(select seller_id from sellers where seller_code = 'test')
);

INSERT INTO datacenters(
	datacenter_name, 
	latitude, 
	longitude, 
	seller_id)
VALUES(
	'test.007',
	74.00,
	155.00,
	(select seller_id from sellers where seller_code = 'test')
);

INSERT INTO datacenters(
	datacenter_name, 
	latitude, 
	longitude, 
	seller_id)
VALUES(
	'test.008',
	51.00,
	178.00,
	(select seller_id from sellers where seller_code = 'test')
);

INSERT INTO datacenters(
	datacenter_name, 
	latitude, 
	longitude, 
	seller_id)
VALUES(
	'test.009',
	-62.00,
	-150.00,
	(select seller_id from sellers where seller_code = 'test')
);

INSERT INTO relays(
	relay_name,
	public_ip,
	public_port,
	public_key_base64,
	private_key_base64,
	datacenter_id)
VALUES(
	'test.000',
	'127.0.0.1',
	10000,
	'9SKtwe4Ear59iQyBOggxutzdtVLLc1YQ2qnArgiiz14=',
	'lypnDfozGRHepukundjYAF5fKY1Tw2g7Dxh0rAgMCt8=',
	(select datacenter_id from datacenters where datacenter_name = 'test.000')
);

INSERT INTO relays(
	relay_name,
	public_ip,
	public_port,
	public_key_base64,
	private_key_base64,
	datacenter_id)
VALUES(
	'test.001',
	'127.0.0.1',
	10001,
	'9SKtwe4Ear59iQyBOggxutzdtVLLc1YQ2qnArgiiz14=',
	'lypnDfozGRHepukundjYAF5fKY1Tw2g7Dxh0rAgMCt8=',
	(select datacenter_id from datacenters where datacenter_name = 'test.001')
);

INSERT INTO relays(
	relay_name,
	public_ip,
	public_port,
	public_key_base64,
	private_key_base64,
	datacenter_id)
VALUES(
	'test.002',
	'127.0.0.1',
	10002,
	'9SKtwe4Ear59iQyBOggxutzdtVLLc1YQ2qnArgiiz14=',
	'lypnDfozGRHepukundjYAF5fKY1Tw2g7Dxh0rAgMCt8=',
	(select datacenter_id from datacenters where datacenter_name = 'test.002')
);

INSERT INTO relays(
	relay_name,
	public_ip,
	public_port,
	public_key_base64,
	private_key_base64,
	datacenter_id)
VALUES(
	'test.003',
	'127.0.0.1',
	10003,
	'9SKtwe4Ear59iQyBOggxutzdtVLLc1YQ2qnArgiiz14=',
	'lypnDfozGRHepukundjYAF5fKY1Tw2g7Dxh0rAgMCt8=',
	(select datacenter_id from datacenters where datacenter_name = 'test.003')
);

INSERT INTO relays(
	relay_name,
	public_ip,
	public_port,
	public_key_base64,
	private_key_base64,
	datacenter_id)
VALUES(
	'test.004',
	'127.0.0.1',
	10004,
	'9SKtwe4Ear59iQyBOggxutzdtVLLc1YQ2qnArgiiz14=',
	'lypnDfozGRHepukundjYAF5fKY1Tw2g7Dxh0rAgMCt8=',
	(select datacenter_id from datacenters where datacenter_name = 'test.004')
);

INSERT INTO relays(
	relay_name,
	public_ip,
	public_port,
	public_key_base64,
	private_key_base64,
	datacenter_id)
VALUES(
	'test.005',
	'127.0.0.1',
	10005,
	'9SKtwe4Ear59iQyBOggxutzdtVLLc1YQ2qnArgiiz14=',
	'lypnDfozGRHepukundjYAF5fKY1Tw2g7Dxh0rAgMCt8=',
	(select datacenter_id from datacenters where datacenter_name = 'test.005')
);

INSERT INTO relays(
	relay_name,
	public_ip,
	public_port,
	public_key_base64,
	private_key_base64,
	datacenter_id)
VALUES(
	'test.006',
	'127.0.0.1',
	10006,
	'9SKtwe4Ear59iQyBOggxutzdtVLLc1YQ2qnArgiiz14=',
	'lypnDfozGRHepukundjYAF5fKY1Tw2g7Dxh0rAgMCt8=',
	(select datacenter_id from datacenters where datacenter_name = 'test.006')
);

INSERT INTO relays(
	relay_name,
	public_ip,
	public_port,
	public_key_base64,
	private_key_base64,
	datacenter_id)
VALUES(
	'test.007',
	'127.0.0.1',
	10007,
	'9SKtwe4Ear59iQyBOggxutzdtVLLc1YQ2qnArgiiz14=',
	'lypnDfozGRHepukundjYAF5fKY1Tw2g7Dxh0rAgMCt8=',
	(select datacenter_id from datacenters where datacenter_name = 'test.007')
);

INSERT INTO relays(
	relay_name,
	public_ip,
	public_port,
	public_key_base64,
	private_key_base64,
	datacenter_id)
VALUES(
	'test.008',
	'127.0.0.1',
	10008,
	'9SKtwe4Ear59iQyBOggxutzdtVLLc1YQ2qnArgiiz14=',
	'lypnDfozGRHepukundjYAF5fKY1Tw2g7Dxh0rAgMCt8=',
	(select datacenter_id from datacenters where datacenter_name = 'test.008')
);

INSERT INTO relays(
	relay_name,
	public_ip,
	public_port,
	public_key_base64,
	private_key_base64,
	datacenter_id)
VALUES(
	'test.009',
	'127.0.0.1',
	10009,
	'9SKtwe4Ear59iQyBOggxutzdtVLLc1YQ2qnArgiiz14=',
	'lypnDfozGRHepukundjYAF5fKY1Tw2g7Dxh0rAgMCt8=',
	(select datacenter_id from datacenters where datacenter_name = 'test.009')
);

INSERT INTO buyer_datacenter_settings VALUES(
	(select buyer_id from buyers where buyer_code = 'test'),
	(select datacenter_id from datacenters where datacenter_name = 'test.000'),
	true
);

INSERT INTO buyer_datacenter_settings VALUES(
	(select buyer_id from buyers where buyer_code = 'test'),
	(select datacenter_id from datacenters where datacenter_name = 'test.001'),
	true
);

INSERT INTO buyer_datacenter_settings VALUES(
	(select buyer_id from buyers where buyer_code = 'test'),
	(select datacenter_id from datacenters where datacenter_name = 'test.002'),
	true
);

INSERT INTO buyer_datacenter_settings VALUES(
	(select buyer_id from buyers where buyer_code = 'test'),
	(select datacenter_id from datacenters where datacenter_name = 'test.003'),
	true
);

INSERT INTO buyer_datacenter_settings VALUES(
	(select buyer_id from buyers where buyer_code = 'test'),
	(select datacenter_id from datacenters where datacenter_name = 'test.004'),
	true
);

INSERT INTO buyer_datacenter_settings VALUES(
	(select buyer_id from buyers where buyer_code = 'test'),
	(select datacenter_id from datacenters where datacenter_name = 'test.005'),
	true
);

INSERT INTO buyer_datacenter_settings VALUES(
	(select buyer_id from buyers where buyer_code = 'test'),
	(select datacenter_id from datacenters where datacenter_name = 'test.006'),
	true
);

INSERT INTO buyer_datacenter_settings VALUES(
	(select buyer_id from buyers where buyer_code = 'test'),
	(select datacenter_id from datacenters where datacenter_name = 'test.007'),
	true
);

INSERT INTO buyer_datacenter_settings VALUES(
	(select buyer_id from buyers where buyer_code = 'test'),
	(select datacenter_id from datacenters where datacenter_name = 'test.008'),
	true
);

INSERT INTO buyer_datacenter_settings VALUES(
	(select buyer_id from buyers where buyer_code = 'test'),
	(select datacenter_id from datacenters where datacenter_name = 'test.009'),
	true
);
